{"cameraMode":{"drawMode":2,"name":"Shaded Wireframe","section":"Shading Mode"},"sceneLighting":true,"audioPlay":false,"sceneViewState":{"showFog":true,"showMaterialUpdate":false,"showSkybox":true,"showFlares":true,"showImageEffects":true,"showParticleSystems":true},"in2DMode":false,"pivot":{"x":7.582266807556152,"y":-1.495478630065918,"z":14.688041687011719},"rotation":{"x":-0.2105381041765213,"y":0.32606732845306399,"z":-0.07473429292440415,"w":-0.9185711145401001},"size":16.76486587524414,"orthographic":false}