{"cameraMode":{"drawMode":2,"name":"Shaded Wireframe","section":"Shading Mode"},"sceneLighting":true,"audioPlay":false,"sceneViewState":{"showFog":true,"showMaterialUpdate":false,"showSkybox":true,"showFlares":true,"showImageEffects":true,"showParticleSystems":true},"in2DMode":false,"pivot":{"x":15.107280731201172,"y":-7.963497161865234,"z":52.97892761230469},"rotation":{"x":-0.26467016339302065,"y":0.21248146891593934,"z":-0.05990621820092201,"w":-0.9387359619140625},"size":52.96467208862305,"orthographic":false}